{"vertices":[0,-1,0,0.7236,-0.447215,0.52572,-0.276385,-0.447215,0.85064,0.7236,-0.447215,0.52572,0,-1,0,0.7236,-0.447215,-0.52572,0,-1,0,-0.276385,-0.447215,0.85064,-0.894425,-0.447215,0,0,-1,0,-0.894425,-0.447215,0,-0.276385,-0.447215,-0.85064,0,-1,0,-0.276385,-0.447215,-0.85064,0.7236,-0.447215,-0.52572,0.7236,-0.447215,0.52572,0.7236,-0.447215,-0.52572,0.894425,0.447215,0,-0.276385,-0.447215,0.85064,0.7236,-0.447215,0.52572,0.276385,0.447215,0.85064,-0.894425,-0.447215,0,-0.276385,-0.447215,0.85064,-0.7236,0.447215,0.52572,-0.276385,-0.447215,-0.85064,-0.894425,-0.447215,0,-0.7236,0.447215,-0.52572,0.7236,-0.447215,-0.52572,-0.276385,-0.447215,-0.85064,0.276385,0.447215,-0.85064,0.7236,-0.447215,0.52572,0.894425,0.447215,0,0.276385,0.447215,0.85064,-0.276385,-0.447215,0.85064,0.276385,0.447215,0.85064,-0.7236,0.447215,0.52572,-0.894425,-0.447215,0,-0.7236,0.447215,0.52572,-0.7236,0.447215,-0.52572,-0.276385,-0.447215,-0.85064,-0.7236,0.447215,-0.52572,0.276385,0.447215,-0.85064,0.7236,-0.447215,-0.52572,0.276385,0.447215,-0.85064,0.894425,0.447215,0,0.276385,0.447215,0.85064,0.894425,0.447215,0,0,1,0,-0.7236,0.447215,0.52572,0.276385,0.447215,0.85064,0,1,0,-0.7236,0.447215,-0.52572,-0.7236,0.447215,0.52572,0,1,0,0.276385,0.447215,-0.85064,-0.7236,0.447215,-0.52572,0,1,0,0.894425,0.447215,0,0.276385,0.447215,-0.85064,0,1,0]
,"normals":[0.1876,-0.7947,0.5774,0.1876,-0.7947,0.5774,0.1876,-0.7947,0.5774,0.6071,-0.7947,0,0.6071,-0.7947,0,0.6071,-0.7947,0,-0.4911,-0.7947,0.3568,-0.4911,-0.7947,0.3568,-0.4911,-0.7947,0.3568,-0.4911,-0.7947,-0.3568,-0.4911,-0.7947,-0.3568,-0.4911,-0.7947,-0.3568,0.1876,-0.7947,-0.5774,0.1876,-0.7947,-0.5774,0.1876,-0.7947,-0.5774,0.9822,-0.1876,0,0.9822,-0.1876,0,0.9822,-0.1876,0,0.3035,-0.1876,0.9342,0.3035,-0.1876,0.9342,0.3035,-0.1876,0.9342,-0.7946,-0.1876,0.5774,-0.7946,-0.1876,0.5774,-0.7946,-0.1876,0.5774,-0.7946,-0.1876,-0.5774,-0.7946,-0.1876,-0.5774,-0.7946,-0.1876,-0.5774,0.3035,-0.1876,-0.9342,0.3035,-0.1876,-0.9342,0.3035,-0.1876,-0.9342,0.7946,0.1876,0.5774,0.7946,0.1876,0.5774,0.7946,0.1876,0.5774,-0.3035,0.1876,0.9342,-0.3035,0.1876,0.9342,-0.3035,0.1876,0.9342,-0.9822,0.1876,0,-0.9822,0.1876,0,-0.9822,0.1876,0,-0.3035,0.1876,-0.9342,-0.3035,0.1876,-0.9342,-0.3035,0.1876,-0.9342,0.7946,0.1876,-0.5774,0.7946,0.1876,-0.5774,0.7946,0.1876,-0.5774,0.4911,0.7947,0.3568,0.4911,0.7947,0.3568,0.4911,0.7947,0.3568,-0.1876,0.7947,0.5774,-0.1876,0.7947,0.5774,-0.1876,0.7947,0.5774,-0.6071,0.7947,0,-0.6071,0.7947,0,-0.6071,0.7947,0,-0.1876,0.7947,-0.5774,-0.1876,0.7947,-0.5774,-0.1876,0.7947,-0.5774,0.4911,0.7947,-0.3568,0.4911,0.7947,-0.3568,0.4911,0.7947,-0.3568]
,"texturecoords":[0.9996,0.6236,0.9996,0.8402,0.812,0.7319,0.2178,0.9996,0.3261,0.812,0.4344,0.9996,0.8112,0.4062,0.8112,0.6228,0.6236,0.5145,0.188,0.6739,0.0004,0.7822,0.0004,0.5656,0.5435,0.188,0.4352,0.0004,0.6518,0.0004,0.4352,0.6236,0.6228,0.7319,0.4352,0.8402,0.4352,0.4062,0.6228,0.5145,0.4352,0.6228,0.0004,0.1888,0.217,0.1888,0.1087,0.3764,0.2178,0.188,0.3261,0.0004,0.4344,0.188,0.4344,0.5938,0.2178,0.5938,0.3261,0.4062,0.1087,0.0004,0.217,0.188,0.0004,0.188,0.1087,0.3772,0.217,0.5648,0.0004,0.5648,0.6236,0.8402,0.6236,0.6236,0.8112,0.7319,0.4062,0.4054,0.4062,0.1888,0.5938,0.2971,0.4054,0.1888,0.4054,0.4054,0.2178,0.2971,0.2178,0.5946,0.4054,0.7029,0.2178,0.8112,0.6526,0.0004,0.8692,0.0004,0.7609,0.188,0.2365,0.9315,0.0199,0.9315,0.1282,0.7439,0.9706,0.4054,0.783,0.2971,0.9706,0.1888,0.7822,0.1888,0.7822,0.4054,0.5946,0.2971]
,"faces":[0,1,2,3,4,5,6,7,8,9,10,11,12,13,14,15,16,17,18,19,20,21,22,23,24,25,26,27,28,29,30,31,32,33,34,35,36,37,38,39,40,41,42,43,44,45,46,47,48,49,50,51,52,53,54,55,56,57,58,59]
}