{"vertices":[0,-1,-1,0,1,0,0.19509,-1,-0.980785,0.19509,-1,-0.980785,0,1,0,0.382683,-1,-0.92388,0.382683,-1,-0.92388,0,1,0,0.55557,-1,-0.83147,0.55557,-1,-0.83147,0,1,0,0.707107,-1,-0.707107,0.707107,-1,-0.707107,0,1,0,0.83147,-1,-0.55557,0.83147,-1,-0.55557,0,1,0,0.92388,-1,-0.382683,0.92388,-1,-0.382683,0,1,0,0.980785,-1,-0.19509,0.980785,-1,-0.19509,0,1,0,1,-1,-0,1,-1,-0,0,1,0,0.980785,-1,0.19509,0.980785,-1,0.19509,0,1,0,0.92388,-1,0.382683,0.92388,-1,0.382683,0,1,0,0.83147,-1,0.55557,0.83147,-1,0.55557,0,1,0,0.707107,-1,0.707107,0.707107,-1,0.707107,0,1,0,0.55557,-1,0.83147,0.55557,-1,0.83147,0,1,0,0.382683,-1,0.92388,0.382683,-1,0.92388,0,1,0,0.19509,-1,0.980785,0.19509,-1,0.980785,0,1,0,-0,-1,1,-0,-1,1,0,1,0,-0.195091,-1,0.980785,-0.195091,-1,0.980785,0,1,0,-0.382684,-1,0.923879,-0.382684,-1,0.923879,0,1,0,-0.555571,-1,0.831469,-0.555571,-1,0.831469,0,1,0,-0.707107,-1,0.707106,-0.707107,-1,0.707106,0,1,0,-0.83147,-1,0.55557,-0.83147,-1,0.55557,0,1,0,-0.92388,-1,0.382683,-0.92388,-1,0.382683,0,1,0,-0.980785,-1,0.195089,-0.980785,-1,0.195089,0,1,0,-1,-1,-1e-06,-1,-1,-1e-06,0,1,0,-0.980785,-1,-0.195091,-0.980785,-1,-0.195091,0,1,0,-0.923879,-1,-0.382684,-0.923879,-1,-0.382684,0,1,0,-0.831469,-1,-0.555571,-0.831469,-1,-0.555571,0,1,0,-0.707106,-1,-0.707108,-0.707106,-1,-0.707108,0,1,0,-0.555569,-1,-0.83147,-0.555569,-1,-0.83147,0,1,0,-0.382682,-1,-0.92388,-0.382682,-1,-0.92388,0,1,0,-0.195089,-1,-0.980786,-0.195089,-1,-0.980786,0,1,0,0,-1,-1,0,-1,-1,0.19509,-1,-0.980785,0.382683,-1,-0.92388,0.55557,-1,-0.83147,0.707107,-1,-0.707107,0.83147,-1,-0.55557,0.92388,-1,-0.382683,0.980785,-1,-0.19509,1,-1,-0,0.980785,-1,0.19509,0.92388,-1,0.382683,0.83147,-1,0.55557,0.707107,-1,0.707107,0.55557,-1,0.83147,0.382683,-1,0.92388,0.19509,-1,0.980785,-0,-1,1,-0.195091,-1,0.980785,-0.382684,-1,0.923879,-0.555571,-1,0.831469,-0.707107,-1,0.707106,-0.83147,-1,0.55557,-0.92388,-1,0.382683,-0.980785,-1,0.195089,-1,-1,-1e-06,-0.980785,-1,-0.195091,-0.923879,-1,-0.382684,-0.831469,-1,-0.555571,-0.707106,-1,-0.707108,-0.555569,-1,-0.83147,-0.382682,-1,-0.92388,-0.195089,-1,-0.980786]
,"normals":[0.0878,0.4455,-0.891,0.0878,0.4455,-0.891,0.0878,0.4455,-0.891,0.2599,0.4455,-0.8567,0.2599,0.4455,-0.8567,0.2599,0.4455,-0.8567,0.422,0.4455,-0.7896,0.422,0.4455,-0.7896,0.422,0.4455,-0.7896,0.568,0.4455,-0.6921,0.568,0.4455,-0.6921,0.568,0.4455,-0.6921,0.6921,0.4455,-0.568,0.6921,0.4455,-0.568,0.6921,0.4455,-0.568,0.7896,0.4455,-0.422,0.7896,0.4455,-0.422,0.7896,0.4455,-0.422,0.8567,0.4455,-0.2599,0.8567,0.4455,-0.2599,0.8567,0.4455,-0.2599,0.891,0.4455,-0.0878,0.891,0.4455,-0.0878,0.891,0.4455,-0.0878,0.891,0.4455,0.0878,0.891,0.4455,0.0878,0.891,0.4455,0.0878,0.8567,0.4455,0.2599,0.8567,0.4455,0.2599,0.8567,0.4455,0.2599,0.7896,0.4455,0.422,0.7896,0.4455,0.422,0.7896,0.4455,0.422,0.6921,0.4455,0.568,0.6921,0.4455,0.568,0.6921,0.4455,0.568,0.568,0.4455,0.6921,0.568,0.4455,0.6921,0.568,0.4455,0.6921,0.422,0.4455,0.7896,0.422,0.4455,0.7896,0.422,0.4455,0.7896,0.2599,0.4455,0.8567,0.2599,0.4455,0.8567,0.2599,0.4455,0.8567,0.0878,0.4455,0.891,0.0878,0.4455,0.891,0.0878,0.4455,0.891,-0.0878,0.4455,0.891,-0.0878,0.4455,0.891,-0.0878,0.4455,0.891,-0.2599,0.4455,0.8567,-0.2599,0.4455,0.8567,-0.2599,0.4455,0.8567,-0.422,0.4455,0.7896,-0.422,0.4455,0.7896,-0.422,0.4455,0.7896,-0.568,0.4455,0.6921,-0.568,0.4455,0.6921,-0.568,0.4455,0.6921,-0.6921,0.4455,0.568,-0.6921,0.4455,0.568,-0.6921,0.4455,0.568,-0.7896,0.4455,0.422,-0.7896,0.4455,0.422,-0.7896,0.4455,0.422,-0.8567,0.4455,0.2599,-0.8567,0.4455,0.2599,-0.8567,0.4455,0.2599,-0.891,0.4455,0.0878,-0.891,0.4455,0.0878,-0.891,0.4455,0.0878,-0.891,0.4455,-0.0878,-0.891,0.4455,-0.0878,-0.891,0.4455,-0.0878,-0.8567,0.4455,-0.2599,-0.8567,0.4455,-0.2599,-0.8567,0.4455,-0.2599,-0.7896,0.4455,-0.422,-0.7896,0.4455,-0.422,-0.7896,0.4455,-0.422,-0.6921,0.4455,-0.568,-0.6921,0.4455,-0.568,-0.6921,0.4455,-0.568,-0.568,0.4455,-0.6921,-0.568,0.4455,-0.6921,-0.568,0.4455,-0.6921,-0.422,0.4455,-0.7896,-0.422,0.4455,-0.7896,-0.422,0.4455,-0.7896,-0.2599,0.4455,-0.8567,-0.2599,0.4455,-0.8567,-0.2599,0.4455,-0.8567,-0.0878,0.4455,-0.891,-0.0878,0.4455,-0.891,-0.0878,0.4455,-0.891,0,-1,-0,0,-1,-0,0,-1,-0,0,-1,-0,0,-1,-0,0,-1,-0,0,-1,-0,0,-1,-0,0,-1,-0,0,-1,-0,0,-1,-0,0,-1,-0,0,-1,-0,0,-1,-0,0,-1,-0,0,-1,-0,0,-1,-0,0,-1,-0,0,-1,-0,0,-1,-0,0,-1,-0,0,-1,-0,0,-1,-0,0,-1,-0,0,-1,-0,0,-1,-0,0,-1,-0,0,-1,-0,0,-1,-0,0,-1,-0,0,-1,-0,0,-1,-0]
,"texturecoords":[0.6948,0.4816,0.5143,0.0001,0.7362,0.464,0.7362,0.464,0.5143,0.0001,0.776,0.4427,0.776,0.4427,0.5143,0.0001,0.8138,0.4181,0.8138,0.4181,0.5143,0.0001,0.8492,0.3903,0.8492,0.3903,0.5143,0.0001,0.8821,0.3594,0.8821,0.3594,0.5143,0.0001,0.9122,0.3259,0.9122,0.3259,0.5143,0.0001,0.9392,0.2898,0.9392,0.2898,0.5143,0.0001,0.9629,0.2514,0.9629,0.2514,0.5143,0.0001,0.9832,0.2112,0.9832,0.2112,0.5143,0.0001,0.9999,0.1693,0.0001,0.0001,0.5143,0.0001,0.0021,0.0452,0.0021,0.0452,0.5143,0.0001,0.008,0.0898,0.008,0.0898,0.5143,0.0001,0.0178,0.1338,0.0178,0.1338,0.5143,0.0001,0.0314,0.1768,0.0314,0.1768,0.5143,0.0001,0.0488,0.2184,0.0488,0.2184,0.5143,0.0001,0.0697,0.2584,0.0697,0.2584,0.5143,0.0001,0.094,0.2963,0.094,0.2963,0.5143,0.0001,0.1216,0.332,0.1216,0.332,0.5143,0.0001,0.1521,0.3651,0.1521,0.3651,0.5143,0.0001,0.1855,0.3954,0.1855,0.3954,0.5143,0.0001,0.2214,0.4227,0.2214,0.4227,0.5143,0.0001,0.2595,0.4467,0.2595,0.4467,0.5143,0.0001,0.2996,0.4673,0.2996,0.4673,0.5143,0.0001,0.3414,0.4844,0.3414,0.4844,0.5143,0.0001,0.3844,0.4976,0.3844,0.4976,0.5143,0.0001,0.4285,0.5071,0.4285,0.5071,0.5143,0.0001,0.4733,0.5127,0.4733,0.5127,0.5143,0.0001,0.5183,0.5143,0.5183,0.5143,0.5143,0.0001,0.5633,0.512,0.5633,0.512,0.5143,0.0001,0.608,0.5057,0.608,0.5057,0.5143,0.0001,0.6519,0.4956,0.6519,0.4956,0.5143,0.0001,0.6948,0.4816,0.2064,0.5145,0.2515,0.5145,0.2957,0.5233,0.3374,0.5406,0.3749,0.5656,0.4067,0.5975,0.4318,0.635,0.449,0.6766,0.4578,0.7208,0.4578,0.7659,0.449,0.8101,0.4318,0.8518,0.4067,0.8893,0.3749,0.9211,0.3374,0.9462,0.2957,0.9634,0.2515,0.9722,0.2064,0.9722,0.1622,0.9634,0.1206,0.9462,0.0831,0.9211,0.0512,0.8893,0.0262,0.8518,0.0089,0.8101,0.0001,0.7659,0.0001,0.7208,0.0089,0.6766,0.0262,0.635,0.0512,0.5975,0.0831,0.5656,0.1206,0.5406,0.1622,0.5233]
,"faces":[0,1,2,3,4,5,6,7,8,9,10,11,12,13,14,15,16,17,18,19,20,21,22,23,24,25,26,27,28,29,30,31,32,33,34,35,36,37,38,39,40,41,42,43,44,45,46,47,48,49,50,51,52,53,54,55,56,57,58,59,60,61,62,63,64,65,66,67,68,69,70,71,72,73,74,75,76,77,78,79,80,81,82,83,84,85,86,87,88,89,90,91,92,93,94,95,127,96,97,127,97,98,127,98,99,127,99,100,127,100,101,127,101,102,127,102,103,127,103,104,127,104,105,127,105,106,127,106,107,127,107,108,127,108,109,127,109,110,127,110,111,127,111,112,127,112,113,127,113,114,127,114,115,127,115,116,127,116,117,127,117,118,127,118,119,127,119,120,127,120,121,127,121,122,127,122,123,127,123,124,127,124,125,125,126,127]
}